iter,norm
0,16.0
1,13.312804709405492
2,11.076923076923064
3,9.216557106511491
