iter,norm
0,1012.2450296247446
1,331.5586034849768
2,41.281643439836195
3,5.25170813554144
