iter,norm
0,74035.96113769982
1,33988.19356694494
2,21760.556364665936
3,14775.249909271866
4,10719.562880371797
5,8092.8875013255965
6,6318.798211137567
7,5075.270701152313
8,4177.043837737215
9,3506.940802784127
10,2990.09424500149
