iter,norm
0,313786.0643887559
1,125089.91779242804
2,83746.82762597769
3,62839.446519961486
4,50668.94276471093
5,42705.28102792747
6,37036.69359457802
7,32742.834010555856
8,29345.599930466487
9,26579.110453259236
10,24281.282084825983
